,company,Revenue Growth (%),Net Income Growth (%),Total Assets Growth (%),Total Liabilities Growth (%),Cash Flow Growth (%)
0,Apple,-0.25948881760194203,-2.057836562562158,1.155764161967765,0.7340639909419503,-0.8424753762895124
1,Microsoft,4.7035736805176365,7.094039600308236,4.140483551780982,4.619144637646648,11.24154587489265
2,Tesla,6.580948286031426,-11.088840812241358,14.660356504869759,-0.22417844519699473,0.8684402405453948
